{"cameraMode":{"drawMode":0,"name":"Shaded","section":"Shading Mode"},"sceneLighting":false,"audioPlay":false,"sceneViewState":{"showFog":true,"showMaterialUpdate":false,"showSkybox":true,"showFlares":true,"showImageEffects":true,"showParticleSystems":true},"in2DMode":false,"pivot":{"x":-0.00032490555895492435,"y":0.002919892081990838,"z":8.700843811035157},"rotation":{"x":0.0035803942009806635,"y":-0.109279103577137,"z":-0.00039485868182964623,"w":-0.9940045475959778},"size":0.8065385222434998,"orthographic":true}